{
  "camera": {
    "transform": {
      "rotate": {
        "x": 0.3967350125312805,
        "y": -4.453371524810791,
        "z": 0.0
      },
      "scale": {
        "x": 1.0,
        "y": 1.0,
        "z": 1.0
      },
      "translate": {
        "x": 10.339399337768555,
        "y": 1.6074267625808716,
        "z": -10.563383102416992
      }
    }
  },
  "player": {
    "transform": {
      "rotate": {
        "x": 0.0,
        "y": -4.453371524810791,
        "z": 0.0
      },
      "scale": {
        "x": 1.0,
        "y": 1.0,
        "z": 1.0
      },
      "translate": {
        "x": 10.24423885345459,
        "y": -0.009999999776482582,
        "z": -10.543290138244629
      }
    }
  },
  "progress": {
    "currentStageName": "ElevatorFallStage",
    "isGameClear": true,
    "isKeyHave": true,
    "isLightHave": true
  },
  "saveDateTime": {
    "saveDateTime": "2026/05/30/12:29:33"
  }
}