{
  "camera": {
    "transform": {
      "rotate": {
        "x": 0.16548871994018555,
        "y": 2.0941498279571533,
        "z": 0.0
      },
      "scale": {
        "x": 1.0,
        "y": 1.0,
        "z": 1.0
      },
      "translate": {
        "x": 10.061100006103516,
        "y": 1.569123387336731,
        "z": -9.901244163513184
      }
    }
  },
  "player": {
    "transform": {
      "rotate": {
        "x": 0.0,
        "y": 2.0941498279571533,
        "z": 0.0
      },
      "scale": {
        "x": 1.0,
        "y": 1.0,
        "z": 1.0
      },
      "translate": {
        "x": 10.063029289245605,
        "y": 0.0,
        "z": -9.90611457824707
      }
    }
  },
  "progress": {
    "currentStageName": "FirstStage",
    "isGameClear": true,
    "isKeyHave": true,
    "isLightHave": false
  },
  "saveDateTime": {
    "saveDateTime": "2026/04/08\n23:01"
  }
}