{
  "camera": {
    "transform": {
      "rotate": {
        "x": 0.3930792808532715,
        "y": 7.690771102905273,
        "z": 0.0
      },
      "scale": {
        "x": 1.0,
        "y": 1.0,
        "z": 1.0
      },
      "translate": {
        "x": 10.971084594726563,
        "y": 1.6149272918701172,
        "z": -11.243906021118164
      }
    }
  },
  "player": {
    "transform": {
      "rotate": {
        "x": 0.0,
        "y": 7.690771102905273,
        "z": 0.0
      },
      "scale": {
        "x": 1.0,
        "y": 1.0,
        "z": 1.0
      },
      "translate": {
        "x": 10.902179718017578,
        "y": -0.009999999776482582,
        "z": -11.25306510925293
      }
    }
  },
  "progress": {
    "currentStageName": "TutorialStage",
    "isGameClear": false,
    "isKeyHave": false,
    "isLightHave": true
  },
  "saveDateTime": {
    "saveDateTime": "2026/05/30/12:28:10"
  }
}