{
  "camera": {
    "transform": {
      "rotate": {
        "x": 0.3964916467666626,
        "y": 9.709531784057617,
        "z": 0.0
      },
      "scale": {
        "x": 1.0,
        "y": 1.0,
        "z": 1.0
      },
      "translate": {
        "x": 13.153575897216797,
        "y": 1.6156786680221558,
        "z": -7.812731742858887
      }
    }
  },
  "player": {
    "transform": {
      "rotate": {
        "x": 0.0,
        "y": 9.709531784057617,
        "z": 0.0
      },
      "scale": {
        "x": 1.0,
        "y": 1.0,
        "z": 1.0
      },
      "translate": {
        "x": 13.17504596710205,
        "y": -0.009999999776482582,
        "z": -7.75
      }
    }
  },
  "progress": {
    "currentStageName": "MirrorStage",
    "isGameClear": true,
    "isKeyHave": false,
    "isLightHave": false
  },
  "saveDateTime": {
    "saveDateTime": "2026/04/23\n16:03:50"
  }
}