{
  "camera": {
    "transform": {
      "rotate": {
        "x": 0.8615442514419556,
        "y": 8.218920707702637,
        "z": 0.0
      },
      "scale": {
        "x": 1.0,
        "y": 1.0,
        "z": 1.0
      },
      "translate": {
        "x": 12.036660194396973,
        "y": 1.612060785293579,
        "z": -10.555085182189941
      }
    }
  },
  "player": {
    "transform": {
      "rotate": {
        "x": 0.0,
        "y": 8.218920707702637,
        "z": 0.0
      },
      "scale": {
        "x": 1.0,
        "y": 1.0,
        "z": 1.0
      },
      "translate": {
        "x": 11.96078872680664,
        "y": -0.009999999776482582,
        "z": -10.5269193649292
      }
    }
  },
  "progress": {
    "currentStageName": "FirstStage",
    "isGameClear": true,
    "isKeyHave": true,
    "isLightHave": true
  },
  "saveDateTime": {
    "saveDateTime": "2026/04/09\n22:33:37"
  }
}