{
  "camera": {
    "transform": {
      "rotate": {
        "x": 0.24793219566345215,
        "y": 1.4730952978134155,
        "z": 0.0
      },
      "scale": {
        "x": 1.0,
        "y": 1.0,
        "z": 1.0
      },
      "translate": {
        "x": 10.006338119506836,
        "y": 1.6224534511566162,
        "z": -11.27433967590332
      }
    }
  },
  "player": {
    "transform": {
      "rotate": {
        "x": 0.0,
        "y": 1.4730952978134155,
        "z": 0.0
      },
      "scale": {
        "x": 1.0,
        "y": 1.0,
        "z": 1.0
      },
      "translate": {
        "x": 9.910236358642578,
        "y": 0.005000000819563866,
        "z": -11.288710594177246
      }
    }
  },
  "progress": {
    "currentStageName": "RestroomStage",
    "isGameClear": false,
    "isKeyHave": false,
    "isLightHave": false
  },
  "saveDateTime": {
    "saveDateTime": "2026/05/27\n11:36:33"
  }
}