{
  "camera": {
    "transform": {
      "rotate": {
        "x": 0.2973460555076599,
        "y": -155.45216369628906,
        "z": 0.0
      },
      "scale": {
        "x": 1.0,
        "y": 1.0,
        "z": 1.0
      },
      "translate": {
        "x": 10.129657745361328,
        "y": 1.6076931953430176,
        "z": -10.967708587646484
      }
    }
  },
  "player": {
    "transform": {
      "rotate": {
        "x": 0.0,
        "y": -155.45216369628906,
        "z": 0.0
      },
      "scale": {
        "x": 1.0,
        "y": 1.0,
        "z": 1.0
      },
      "translate": {
        "x": 10.033283233642578,
        "y": -0.009999999776482582,
        "z": -10.966973304748535
      }
    }
  },
  "progress": {
    "currentStageName": "MirrorStage",
    "isGameClear": true,
    "isKeyHave": false,
    "isLightHave": false
  },
  "saveDateTime": {
    "saveDateTime": "2026/05/27\n11:13:58"
  }
}