{
  "camera": {
    "transform": {
      "rotate": {
        "x": 0.42994073033332825,
        "y": 9.524627685546875,
        "z": 0.0
      },
      "scale": {
        "x": 1.0,
        "y": 1.0,
        "z": 1.0
      },
      "translate": {
        "x": 11.797364234924316,
        "y": 1.6185246706008911,
        "z": -9.845495223999023
      }
    }
  },
  "player": {
    "transform": {
      "rotate": {
        "x": 0.0,
        "y": 9.524627685546875,
        "z": 0.0
      },
      "scale": {
        "x": 1.0,
        "y": 1.0,
        "z": 1.0
      },
      "translate": {
        "x": 11.805548667907715,
        "y": -0.004999998956918716,
        "z": -9.770691871643066
      }
    }
  },
  "progress": {
    "currentStageName": "LoopStage",
    "isGameClear": false,
    "isKeyHave": true,
    "isLightHave": true
  },
  "saveDateTime": {
    "saveDateTime": "2026/05/31/14:32:27"
  }
}