{
  "camera": {
    "transform": {
      "rotate": {
        "x": 0.2626890540122986,
        "y": -111.31311798095703,
        "z": 0.0
      },
      "scale": {
        "x": 1.0,
        "y": 1.0,
        "z": 1.0
      },
      "translate": {
        "x": 10.844247817993164,
        "y": 1.6256145238876343,
        "z": -10.768024444580078
      }
    }
  },
  "player": {
    "transform": {
      "rotate": {
        "x": 0.0,
        "y": -111.31311798095703,
        "z": 0.0
      },
      "scale": {
        "x": 1.0,
        "y": 1.0,
        "z": 1.0
      },
      "translate": {
        "x": 10.759503364562988,
        "y": 0.005000000819563866,
        "z": -10.751843452453613
      }
    }
  },
  "progress": {
    "currentStageName": "RestroomStage",
    "isGameClear": true,
    "isKeyHave": false,
    "isLightHave": false
  },
  "saveDateTime": {
    "saveDateTime": "2026/05/27\n14:26:06"
  }
}