{
  "camera": {
    "transform": {
      "rotate": {
        "x": 0.36251330375671387,
        "y": 8.235806465148926,
        "z": 0.0
      },
      "scale": {
        "x": 1.0,
        "y": 1.0,
        "z": 1.0
      },
      "translate": {
        "x": 10.37895393371582,
        "y": 1.5693845748901367,
        "z": -10.349865913391113
      }
    }
  },
  "player": {
    "transform": {
      "rotate": {
        "x": 0.0,
        "y": 8.235806465148926,
        "z": 0.0
      },
      "scale": {
        "x": 1.0,
        "y": 1.0,
        "z": 1.0
      },
      "translate": {
        "x": 10.390271186828613,
        "y": 0.0,
        "z": -10.355109214782715
      }
    }
  },
  "progress": {
    "currentStageName": "FirstStage",
    "isGameClear": true,
    "isKeyHave": true,
    "isLightHave": false
  },
  "saveDateTime": {
    "saveDateTime": "2026/04/09\n17:20:01"
  }
}