{
  "camera": {
    "transform": {
      "rotate": {
        "x": 0.463222861289978,
        "y": 2.487448215484619,
        "z": 0.0
      },
      "scale": {
        "x": 1.0,
        "y": 1.0,
        "z": 1.0
      },
      "translate": {
        "x": 10.030728340148926,
        "y": 1.569391131401062,
        "z": -8.529095649719238
      }
    }
  },
  "player": {
    "transform": {
      "rotate": {
        "x": 0.0,
        "y": 2.487448215484619,
        "z": 0.0
      },
      "scale": {
        "x": 1.0,
        "y": 1.0,
        "z": 1.0
      },
      "translate": {
        "x": 10.050178527832031,
        "y": 0.0,
        "z": -8.548103332519531
      }
    }
  },
  "progress": {
    "currentStageName": "FirstStage",
    "isGameClear": true,
    "isKeyHave": true,
    "isLightHave": false
  },
  "saveDateTime": {
    "saveDateTime": "2026/04/09\n02:25:27"
  }
}