{
  "camera": {
    "transform": {
      "rotate": {
        "x": 0.5683342218399048,
        "y": 4.158479690551758,
        "z": 0.0
      },
      "scale": {
        "x": 1.0,
        "y": 1.0,
        "z": 1.0
      },
      "translate": {
        "x": 13.268325805664063,
        "y": 1.6144449710845947,
        "z": -10.12995433807373
      }
    }
  },
  "player": {
    "transform": {
      "rotate": {
        "x": 0.0,
        "y": 4.158479690551758,
        "z": 0.0
      },
      "scale": {
        "x": 1.0,
        "y": 1.0,
        "z": 1.0
      },
      "translate": {
        "x": 13.329999923706055,
        "y": -0.009999999776482582,
        "z": -10.093740463256836
      }
    }
  },
  "progress": {
    "currentStageName": "FirstStage",
    "isGameClear": false,
    "isKeyHave": false,
    "isLightHave": false
  },
  "saveDateTime": {
    "saveDateTime": "2026/04/16\n15:05:51"
  }
}