{
  "camera": {
    "transform": {
      "rotate": {
        "x": 0.33268848061561584,
        "y": 2.068235397338867,
        "z": 0.0
      },
      "scale": {
        "x": 1.0,
        "y": 1.0,
        "z": 1.0
      },
      "translate": {
        "x": 10.90945053100586,
        "y": 1.5691293478012085,
        "z": -10.380316734313965
      }
    }
  },
  "player": {
    "transform": {
      "rotate": {
        "x": 0.0,
        "y": 2.068235397338867,
        "z": 0.0
      },
      "scale": {
        "x": 1.0,
        "y": 1.0,
        "z": 1.0
      },
      "translate": {
        "x": 10.911646842956543,
        "y": 0.0,
        "z": -10.38516616821289
      }
    }
  },
  "progress": {
    "currentStageName": "FirstStage",
    "isGameClear": true,
    "isKeyHave": true,
    "isLightHave": false
  }
}