{
  "camera": {
    "rotateSpeed": 0.019999999552965164,
    "transform": {
      "rotate": {
        "x": 0.3027564287185669,
        "y": 1.8219425678253174,
        "z": 0.0
      },
      "scale": {
        "x": 1.0,
        "y": 1.0,
        "z": 1.0
      },
      "translate": {
        "x": 8.86336612701416,
        "y": 1.558786153793335,
        "z": -10.175915718078613
      }
    }
  },
  "player": {
    "transform": {
      "rotate": {
        "x": 0.0,
        "y": 1.8219425678253174,
        "z": 0.0
      },
      "scale": {
        "x": 1.0,
        "y": 1.0,
        "z": 1.0
      },
      "translate": {
        "x": 8.803982734680176,
        "y": -0.016333334147930145,
        "z": -10.166459083557129
      }
    }
  },
  "progress": {
    "currentStageName": "FirstStage",
    "isGameClear": true,
    "isKeyHave": true,
    "isLightHave": false
  }
}