{
  "camera": {
    "transform": {
      "rotate": {
        "x": 0.06477830559015274,
        "y": 1.676387071609497,
        "z": 0.0
      },
      "scale": {
        "x": 1.0,
        "y": 1.0,
        "z": 1.0
      },
      "translate": {
        "x": 8.236287117004395,
        "y": 1.6078540086746216,
        "z": -10.574517250061035
      }
    }
  },
  "player": {
    "transform": {
      "rotate": {
        "x": 0.0,
        "y": 1.676387071609497,
        "z": 0.0
      },
      "scale": {
        "x": 1.0,
        "y": 1.0,
        "z": 1.0
      },
      "translate": {
        "x": 8.140603065490723,
        "y": -0.009999999776482582,
        "z": -10.568989753723145
      }
    }
  },
  "progress": {
    "currentStageName": "MirrorStage",
    "isGameClear": true,
    "isKeyHave": false,
    "isLightHave": false
  },
  "saveDateTime": {
    "saveDateTime": "2026/04/23\n15:51:51"
  }
}