{
  "camera": {
    "transform": {
      "rotate": {
        "x": 0.024444453418254852,
        "y": 3.1721484661102295,
        "z": 0.0
      },
      "scale": {
        "x": 1.0,
        "y": 1.0,
        "z": 1.0
      },
      "translate": {
        "x": 6.24946403503418,
        "y": 1.5694540739059448,
        "z": 4.018067836761475
      }
    }
  },
  "player": {
    "transform": {
      "rotate": {
        "x": 0.0,
        "y": 3.1721484661102295,
        "z": 0.0
      },
      "scale": {
        "x": 1.0,
        "y": 1.0,
        "z": 1.0
      },
      "translate": {
        "x": 6.25,
        "y": 0.0,
        "z": 4.0
      }
    }
  },
  "progress": {
    "currentStageName": "FirstStage",
    "isGameClear": false,
    "isKeyHave": false,
    "isLightHave": false
  },
  "saveDateTime": {
    "saveDateTime": "2026/04/09\n14:41:49"
  }
}