{
  "camera": {
    "transform": {
      "rotate": {
        "x": 0.436450332403183,
        "y": 10.626154899597168,
        "z": 0.0
      },
      "scale": {
        "x": 1.0,
        "y": 1.0,
        "z": 1.0
      },
      "translate": {
        "x": 13.240355491638184,
        "y": 1.613754391670227,
        "z": -10.344193458557129
      }
    }
  },
  "player": {
    "transform": {
      "rotate": {
        "x": 0.0,
        "y": 10.626154899597168,
        "z": 0.0
      },
      "scale": {
        "x": 1.0,
        "y": 1.0,
        "z": 1.0
      },
      "translate": {
        "x": 13.309999465942383,
        "y": -0.009999999776482582,
        "z": -10.318216323852539
      }
    }
  },
  "progress": {
    "currentStageName": "MirrorStage",
    "isGameClear": true,
    "isKeyHave": false,
    "isLightHave": false
  },
  "saveDateTime": {
    "saveDateTime": "2026/04/23\n14:28:24"
  }
}