{
  "camera": {
    "transform": {
      "rotate": {
        "x": 0.3264539837837219,
        "y": 8.90949821472168,
        "z": 0.0
      },
      "scale": {
        "x": 1.0,
        "y": 1.0,
        "z": 1.0
      },
      "translate": {
        "x": 10.935539245605469,
        "y": 1.626352071762085,
        "z": -9.164666175842285
      }
    }
  },
  "player": {
    "transform": {
      "rotate": {
        "x": 0.0,
        "y": 8.90949821472168,
        "z": 0.0
      },
      "scale": {
        "x": 1.0,
        "y": 1.0,
        "z": 1.0
      },
      "translate": {
        "x": 10.90921401977539,
        "y": 0.0,
        "z": -9.111568450927734
      }
    }
  },
  "progress": {
    "currentStageName": "FirstStage",
    "isGameClear": true,
    "isKeyHave": true,
    "isLightHave": false
  },
  "saveDateTime": {
    "saveDateTime": "2026/04/09\n18:51:10"
  }
}