{
  "camera": {
    "transform": {
      "rotate": {
        "x": 0.3407559394836426,
        "y": 7.89816951751709,
        "z": 0.0
      },
      "scale": {
        "x": 1.0,
        "y": 1.0,
        "z": 1.0
      },
      "translate": {
        "x": 8.900388717651367,
        "y": 1.61018967628479,
        "z": -10.860390663146973
      }
    }
  },
  "player": {
    "transform": {
      "rotate": {
        "x": 0.0,
        "y": 7.89816951751709,
        "z": 0.0
      },
      "scale": {
        "x": 1.0,
        "y": 1.0,
        "z": 1.0
      },
      "translate": {
        "x": 8.81259822845459,
        "y": -0.009999999776482582,
        "z": -10.859166145324707
      }
    }
  },
  "progress": {
    "currentStageName": "TutorialStage",
    "isGameClear": false,
    "isKeyHave": false,
    "isLightHave": false
  },
  "saveDateTime": {
    "saveDateTime": "2026/04/23\n10:31:51"
  }
}