{
  "camera": {
    "transform": {
      "rotate": {
        "x": 0.15929722785949707,
        "y": -111.48444366455078,
        "z": 0.0
      },
      "scale": {
        "x": 1.0,
        "y": 1.0,
        "z": 1.0
      },
      "translate": {
        "x": 10.985733032226563,
        "y": 1.627274751663208,
        "z": -10.80593490600586
      }
    }
  },
  "player": {
    "transform": {
      "rotate": {
        "x": 0.0,
        "y": -111.48444366455078,
        "z": 0.0
      },
      "scale": {
        "x": 1.0,
        "y": 1.0,
        "z": 1.0
      },
      "translate": {
        "x": 10.90566349029541,
        "y": 0.005000000819563866,
        "z": -10.803122520446777
      }
    }
  },
  "progress": {
    "currentStageName": "RestroomStage",
    "isGameClear": false,
    "isKeyHave": false,
    "isLightHave": false
  },
  "saveDateTime": {
    "saveDateTime": "2026/05/27\n11:39:07"
  }
}