{
  "camera": {
    "transform": {
      "rotate": {
        "x": 0.5440089702606201,
        "y": 14.831422805786133,
        "z": 0.0
      },
      "scale": {
        "x": 1.0,
        "y": 1.0,
        "z": 1.0
      },
      "translate": {
        "x": 10.355104446411133,
        "y": 1.617647647857666,
        "z": -9.610186576843262
      }
    }
  },
  "player": {
    "transform": {
      "rotate": {
        "x": 0.0,
        "y": 14.831422805786133,
        "z": 0.0
      },
      "scale": {
        "x": 1.0,
        "y": 1.0,
        "z": 1.0
      },
      "translate": {
        "x": 10.277961730957031,
        "y": 0.0,
        "z": -9.552162170410156
      }
    }
  },
  "progress": {
    "currentStageName": "FirstStage",
    "isGameClear": true,
    "isKeyHave": true,
    "isLightHave": false
  },
  "saveDateTime": {
    "saveDateTime": "2026/04/09\n21:59:46"
  }
}