{
  "camera": {
    "transform": {
      "rotate": {
        "x": 0.26605990529060364,
        "y": 2.5769925117492676,
        "z": 0.0
      },
      "scale": {
        "x": 1.0,
        "y": 1.0,
        "z": 1.0
      },
      "translate": {
        "x": 11.130636215209961,
        "y": 1.6123976707458496,
        "z": -9.319881439208984
      }
    }
  },
  "player": {
    "transform": {
      "rotate": {
        "x": 0.0,
        "y": 2.5769925117492676,
        "z": 0.0
      },
      "scale": {
        "x": 1.0,
        "y": 1.0,
        "z": 1.0
      },
      "translate": {
        "x": 11.074408531188965,
        "y": -0.004999998956918716,
        "z": -9.240406036376953
      }
    }
  },
  "progress": {
    "currentStageName": "LoopStage",
    "isGameClear": false,
    "isKeyHave": true,
    "isLightHave": true
  },
  "saveDateTime": {
    "saveDateTime": "2026/05/31/17:43:56"
  }
}