{
  "camera": {
    "transform": {
      "rotate": {
        "x": 0.2914005517959595,
        "y": 1.8616549968719482,
        "z": 0.0
      },
      "scale": {
        "x": 1.0,
        "y": 1.0,
        "z": 1.0
      },
      "translate": {
        "x": 9.561156272888184,
        "y": 1.6298693418502808,
        "z": -10.148797035217285
      }
    }
  },
  "player": {
    "transform": {
      "rotate": {
        "x": 0.0,
        "y": 1.8616549968719482,
        "z": 0.0
      },
      "scale": {
        "x": 1.0,
        "y": 1.0,
        "z": 1.0
      },
      "translate": {
        "x": 9.494962692260742,
        "y": 0.005000000819563866,
        "z": -10.126794815063477
      }
    }
  },
  "progress": {
    "currentStageName": "RestroomStage",
    "isGameClear": false,
    "isKeyHave": false,
    "isLightHave": true
  },
  "saveDateTime": {
    "saveDateTime": "2026/05/19\n15:52:41"
  }
}