{
  "camera": {
    "transform": {
      "rotate": {
        "x": 0.14400607347488403,
        "y": -4.73309850692749,
        "z": 0.0
      },
      "scale": {
        "x": 1.0,
        "y": 1.0,
        "z": 1.0
      },
      "translate": {
        "x": 10.381831169128418,
        "y": 1.6148332357406616,
        "z": -11.03477954864502
      }
    }
  },
  "player": {
    "transform": {
      "rotate": {
        "x": 0.0,
        "y": -4.73309850692749,
        "z": 0.0
      },
      "scale": {
        "x": 1.0,
        "y": 1.0,
        "z": 1.0
      },
      "translate": {
        "x": 10.311927795410156,
        "y": -0.009999999776482582,
        "z": -11.034170150756836
      }
    }
  },
  "progress": {
    "currentStageName": "ElevatorFallStage",
    "isGameClear": true,
    "isKeyHave": false,
    "isLightHave": false
  },
  "saveDateTime": {
    "saveDateTime": "2026/05/27\n14:27:34"
  }
}