{
  "camera": {
    "transform": {
      "rotate": {
        "x": 0.04950503259897232,
        "y": 10.601085662841797,
        "z": 0.0
      },
      "scale": {
        "x": 1.0,
        "y": 1.0,
        "z": 1.0
      },
      "translate": {
        "x": 13.230158805847168,
        "y": 1.6102620363235474,
        "z": -10.196441650390625
      }
    }
  },
  "player": {
    "transform": {
      "rotate": {
        "x": 0.0,
        "y": 10.601085662841797,
        "z": 0.0
      },
      "scale": {
        "x": 1.0,
        "y": 1.0,
        "z": 1.0
      },
      "translate": {
        "x": 13.309999465942383,
        "y": -0.009999999776482582,
        "z": -10.160539627075195
      }
    }
  },
  "progress": {
    "currentStageName": "MirrorStage",
    "isGameClear": true,
    "isKeyHave": false,
    "isLightHave": false
  },
  "saveDateTime": {
    "saveDateTime": "2026/04/23\n15:04:27"
  }
}