{
  "camera": {
    "transform": {
      "rotate": {
        "x": 0.1730097532272339,
        "y": 2.019078016281128,
        "z": 0.0
      },
      "scale": {
        "x": 1.0,
        "y": 1.0,
        "z": 1.0
      },
      "translate": {
        "x": 10.746207237243652,
        "y": 1.6098262071609497,
        "z": -10.4352445602417
      }
    }
  },
  "player": {
    "transform": {
      "rotate": {
        "x": 0.0,
        "y": 2.019078016281128,
        "z": 0.0
      },
      "scale": {
        "x": 1.0,
        "y": 1.0,
        "z": 1.0
      },
      "translate": {
        "x": 10.664726257324219,
        "y": -0.009999999776482582,
        "z": -10.399226188659668
      }
    }
  },
  "progress": {
    "currentStageName": "MirrorStage",
    "isGameClear": true,
    "isKeyHave": false,
    "isLightHave": false
  },
  "saveDateTime": {
    "saveDateTime": "2026/05/27\n10:26:16"
  }
}