{
  "camera": {
    "transform": {
      "rotate": {
        "x": 0.9554535150527954,
        "y": 14.175691604614258,
        "z": 0.0
      },
      "scale": {
        "x": 1.0,
        "y": 1.0,
        "z": 1.0
      },
      "translate": {
        "x": 11.047346115112305,
        "y": 1.6257678270339966,
        "z": -10.832393646240234
      }
    }
  },
  "player": {
    "transform": {
      "rotate": {
        "x": 0.0,
        "y": 14.175691604614258,
        "z": 0.0
      },
      "scale": {
        "x": 1.0,
        "y": 1.0,
        "z": 1.0
      },
      "translate": {
        "x": 10.96163558959961,
        "y": 0.005000000819563866,
        "z": -10.831085205078125
      }
    }
  },
  "progress": {
    "currentStageName": "RestroomStage",
    "isGameClear": true,
    "isKeyHave": true,
    "isLightHave": false
  },
  "saveDateTime": {
    "saveDateTime": "2026/05/30/12:25:55"
  }
}