{
  "camera": {
    "rotateSpeed": 0.019999999552965164,
    "transform": {
      "rotate": {
        "x": 0.28675153851509094,
        "y": 8.385477066040039,
        "z": 0.0
      },
      "scale": {
        "x": 1.0,
        "y": 1.0,
        "z": 1.0
      },
      "translate": {
        "x": 9.325965881347656,
        "y": 1.5694235563278198,
        "z": -9.692155838012695
      }
    }
  },
  "player": {
    "transform": {
      "rotate": {
        "x": 0.0,
        "y": 8.385477066040039,
        "z": 0.0
      },
      "scale": {
        "x": 1.0,
        "y": 1.0,
        "z": 1.0
      },
      "translate": {
        "x": 9.338724136352539,
        "y": -0.016333334147930145,
        "z": -9.69957447052002
      }
    }
  },
  "progress": {
    "currentStageName": "FirstStage",
    "isGameClear": true,
    "isKeyHave": true,
    "isLightHave": false
  }
}