{
  "camera": {
    "transform": {
      "rotate": {
        "x": 0.14324384927749634,
        "y": 8.437921524047852,
        "z": 0.0
      },
      "scale": {
        "x": 1.0,
        "y": 1.0,
        "z": 1.0
      },
      "translate": {
        "x": 8.667463302612305,
        "y": 1.6101629734039307,
        "z": -8.828778266906738
      }
    }
  },
  "player": {
    "transform": {
      "rotate": {
        "x": 0.0,
        "y": 8.437921524047852,
        "z": 0.0
      },
      "scale": {
        "x": 1.0,
        "y": 1.0,
        "z": 1.0
      },
      "translate": {
        "x": 8.592758178710938,
        "y": -0.009999999776482582,
        "z": -8.782468795776367
      }
    }
  },
  "progress": {
    "currentStageName": "MirrorStage",
    "isGameClear": true,
    "isKeyHave": false,
    "isLightHave": false
  },
  "saveDateTime": {
    "saveDateTime": "2026/04/23\n14:47:20"
  }
}