{
  "camera": {
    "transform": {
      "rotate": {
        "x": 0.5636913776397705,
        "y": 1.8753609657287598,
        "z": 0.0
      },
      "scale": {
        "x": 1.0,
        "y": 1.0,
        "z": 1.0
      },
      "translate": {
        "x": 10.355327606201172,
        "y": 1.5689113140106201,
        "z": -10.448628425598145
      }
    }
  },
  "player": {
    "transform": {
      "rotate": {
        "x": 0.0,
        "y": 1.8753609657287598,
        "z": 0.0
      },
      "scale": {
        "x": 1.0,
        "y": 1.0,
        "z": 1.0
      },
      "translate": {
        "x": 10.353684425354004,
        "y": 0.0,
        "z": -10.452959060668945
      }
    }
  },
  "progress": {
    "currentStageName": "FirstStage",
    "isGameClear": true,
    "isKeyHave": true,
    "isLightHave": false
  }
}