{
  "camera": {
    "transform": {
      "rotate": {
        "x": 0.5705347061157227,
        "y": 2.9499354362487793,
        "z": 0.0
      },
      "scale": {
        "x": 1.0,
        "y": 1.0,
        "z": 1.0
      },
      "translate": {
        "x": 11.466792106628418,
        "y": 1.5690279006958008,
        "z": -9.702653884887695
      }
    }
  },
  "player": {
    "transform": {
      "rotate": {
        "x": 0.0,
        "y": 2.9499354362487793,
        "z": 0.0
      },
      "scale": {
        "x": 1.0,
        "y": 1.0,
        "z": 1.0
      },
      "translate": {
        "x": 11.463329315185547,
        "y": 0.0,
        "z": -9.705362319946289
      }
    }
  },
  "progress": {
    "currentStageName": "FirstStage",
    "isGameClear": true,
    "isKeyHave": true,
    "isLightHave": false
  },
  "saveDateTime": {
    "saveDateTime": "2026/04/09\n14:28:58"
  }
}