{
  "camera": {
    "transform": {
      "rotate": {
        "x": 0.2611220180988312,
        "y": -142.921875,
        "z": 0.0
      },
      "scale": {
        "x": 1.0,
        "y": 1.0,
        "z": 1.0
      },
      "translate": {
        "x": 10.768254280090332,
        "y": 1.6158417463302612,
        "z": -11.028843879699707
      }
    }
  },
  "player": {
    "transform": {
      "rotate": {
        "x": 0.0,
        "y": -142.921875,
        "z": 0.0
      },
      "scale": {
        "x": 1.0,
        "y": 1.0,
        "z": 1.0
      },
      "translate": {
        "x": 10.702818870544434,
        "y": -0.009999999776482582,
        "z": -11.024284362792969
      }
    }
  },
  "progress": {
    "currentStageName": "MirrorStage",
    "isGameClear": true,
    "isKeyHave": false,
    "isLightHave": false
  },
  "saveDateTime": {
    "saveDateTime": "2026/05/30\n09:06:19"
  }
}