{
  "camera": {
    "transform": {
      "rotate": {
        "x": 0.21100257337093353,
        "y": 14.506179809570313,
        "z": 0.0
      },
      "scale": {
        "x": 1.0,
        "y": 1.0,
        "z": 1.0
      },
      "translate": {
        "x": 11.042505264282227,
        "y": 1.6075057983398438,
        "z": -10.607915878295898
      }
    }
  },
  "player": {
    "transform": {
      "rotate": {
        "x": 0.0,
        "y": 14.506179809570313,
        "z": 0.0
      },
      "scale": {
        "x": 1.0,
        "y": 1.0,
        "z": 1.0
      },
      "translate": {
        "x": 10.950390815734863,
        "y": -0.009999999776482582,
        "z": -10.577528953552246
      }
    }
  },
  "progress": {
    "currentStageName": "TutorialStage",
    "isGameClear": false,
    "isKeyHave": false,
    "isLightHave": true
  },
  "saveDateTime": {
    "saveDateTime": "2026/05/30/12:58:48"
  }
}