{
  "camera": {
    "transform": {
      "rotate": {
        "x": 0.03566537797451019,
        "y": 11.136495590209961,
        "z": 0.0
      },
      "scale": {
        "x": 1.0,
        "y": 1.0,
        "z": 1.0
      },
      "translate": {
        "x": 12.588340759277344,
        "y": 1.607865810394287,
        "z": -11.071653366088867
      }
    }
  },
  "player": {
    "transform": {
      "rotate": {
        "x": 0.0,
        "y": 11.136495590209961,
        "z": 0.0
      },
      "scale": {
        "x": 1.0,
        "y": 1.0,
        "z": 1.0
      },
      "translate": {
        "x": 12.68372917175293,
        "y": -0.009999999776482582,
        "z": -11.080561637878418
      }
    }
  },
  "progress": {
    "currentStageName": "TutorialStage",
    "isGameClear": false,
    "isKeyHave": false,
    "isLightHave": false
  },
  "saveDateTime": {
    "saveDateTime": "2026/04/21\n15:37:40"
  }
}