{
  "camera": {
    "transform": {
      "rotate": {
        "x": 0.4506310820579529,
        "y": 1.8015458583831787,
        "z": 0.0
      },
      "scale": {
        "x": 1.0,
        "y": 1.0,
        "z": 1.0
      },
      "translate": {
        "x": 9.901334762573242,
        "y": 1.569014072418213,
        "z": -10.286003112792969
      }
    }
  },
  "player": {
    "transform": {
      "rotate": {
        "x": 0.0,
        "y": 1.8015458583831787,
        "z": 0.0
      },
      "scale": {
        "x": 1.0,
        "y": 1.0,
        "z": 1.0
      },
      "translate": {
        "x": 9.902087211608887,
        "y": -0.016333334147930145,
        "z": -10.29029369354248
      }
    }
  },
  "progress": {
    "currentStageName": "FirstStage",
    "isGameClear": true,
    "isKeyHave": true,
    "isLightHave": false
  }
}