{
  "camera": {
    "transform": {
      "rotate": {
        "x": 0.13383051753044128,
        "y": 3.0961077213287354,
        "z": 0.0
      },
      "scale": {
        "x": 1.0,
        "y": 1.0,
        "z": 1.0
      },
      "translate": {
        "x": 11.932790756225586,
        "y": 1.5694533586502075,
        "z": -9.2229585647583
      }
    }
  },
  "player": {
    "transform": {
      "rotate": {
        "x": 0.0,
        "y": 3.0961077213287354,
        "z": 0.0
      },
      "scale": {
        "x": 1.0,
        "y": 1.0,
        "z": 1.0
      },
      "translate": {
        "x": 11.936060905456543,
        "y": -0.016333334147930145,
        "z": -9.24466323852539
      }
    }
  },
  "progress": {
    "currentStageName": "FirstStage",
    "isGameClear": true,
    "isKeyHave": true,
    "isLightHave": false
  }
}