{
  "camera": {
    "transform": {
      "rotate": {
        "x": 0.16640028357505798,
        "y": 3.899636745452881,
        "z": 0.0
      },
      "scale": {
        "x": 1.0,
        "y": 1.0,
        "z": 1.0
      },
      "translate": {
        "x": 13.25751781463623,
        "y": 1.6133993864059448,
        "z": -9.594352722167969
      }
    }
  },
  "player": {
    "transform": {
      "rotate": {
        "x": 0.0,
        "y": 3.899636745452881,
        "z": 0.0
      },
      "scale": {
        "x": 1.0,
        "y": 1.0,
        "z": 1.0
      },
      "translate": {
        "x": 13.309999465942383,
        "y": -0.009999999776482582,
        "z": -9.539731979370117
      }
    }
  },
  "progress": {
    "currentStageName": "MirrorStage",
    "isGameClear": true,
    "isKeyHave": false,
    "isLightHave": false
  },
  "saveDateTime": {
    "saveDateTime": "2026/05/07\n21:36:53"
  }
}