{
  "camera": {
    "transform": {
      "rotate": {
        "x": 0.40264567732810974,
        "y": 1.7407866716384888,
        "z": 0.0
      },
      "scale": {
        "x": 1.0,
        "y": 1.0,
        "z": 1.0
      },
      "translate": {
        "x": 10.439252853393555,
        "y": 1.6125047206878662,
        "z": -10.806922912597656
      }
    }
  },
  "player": {
    "transform": {
      "rotate": {
        "x": 0.0,
        "y": 1.7407866716384888,
        "z": 0.0
      },
      "scale": {
        "x": 1.0,
        "y": 1.0,
        "z": 1.0
      },
      "translate": {
        "x": 10.361100196838379,
        "y": -0.009999999776482582,
        "z": -10.79384708404541
      }
    }
  },
  "progress": {
    "currentStageName": "TutorialStage",
    "isGameClear": true,
    "isKeyHave": false,
    "isLightHave": false
  },
  "saveDateTime": {
    "saveDateTime": "2026/05/27/11:36:12"
  }
}