{
  "camera": {
    "transform": {
      "rotate": {
        "x": 0.08782249689102173,
        "y": 3.925828695297241,
        "z": 0.0
      },
      "scale": {
        "x": 1.0,
        "y": 1.0,
        "z": 1.0
      },
      "translate": {
        "x": 12.642165184020996,
        "y": 1.6115567684173584,
        "z": -9.665943145751953
      }
    }
  },
  "player": {
    "transform": {
      "rotate": {
        "x": 0.0,
        "y": 3.925828695297241,
        "z": 0.0
      },
      "scale": {
        "x": 1.0,
        "y": 1.0,
        "z": 1.0
      },
      "translate": {
        "x": 12.699769020080566,
        "y": -0.009999999776482582,
        "z": -9.606433868408203
      }
    }
  },
  "progress": {
    "currentStageName": "MirrorStage",
    "isGameClear": true,
    "isKeyHave": false,
    "isLightHave": false
  },
  "saveDateTime": {
    "saveDateTime": "2026/05/11\n14:14:09"
  }
}