{
  "camera": {
    "transform": {
      "rotate": {
        "x": 0.34897828102111816,
        "y": 2.1447372436523438,
        "z": 0.0
      },
      "scale": {
        "x": 1.0,
        "y": 1.0,
        "z": 1.0
      },
      "translate": {
        "x": 9.747130393981934,
        "y": 1.613798975944519,
        "z": -9.52050495147705
      }
    }
  },
  "player": {
    "transform": {
      "rotate": {
        "x": 0.0,
        "y": 2.1447372436523438,
        "z": 0.0
      },
      "scale": {
        "x": 1.0,
        "y": 1.0,
        "z": 1.0
      },
      "translate": {
        "x": 9.685391426086426,
        "y": -0.009999999776482582,
        "z": -9.479434967041016
      }
    }
  },
  "progress": {
    "currentStageName": "MirrorStage",
    "isGameClear": true,
    "isKeyHave": false,
    "isLightHave": false
  },
  "saveDateTime": {
    "saveDateTime": "2026/04/23\n15:24:09"
  }
}