{
  "camera": {
    "transform": {
      "rotate": {
        "x": 0.5317485332489014,
        "y": 83.32485961914063,
        "z": 0.0
      },
      "scale": {
        "x": 1.0,
        "y": 1.0,
        "z": 1.0
      },
      "translate": {
        "x": 11.086090087890625,
        "y": 1.6106380224227905,
        "z": -11.059137344360352
      }
    }
  },
  "player": {
    "transform": {
      "rotate": {
        "x": 0.0,
        "y": 83.32485961914063,
        "z": 0.0
      },
      "scale": {
        "x": 1.0,
        "y": 1.0,
        "z": 1.0
      },
      "translate": {
        "x": 11.0,
        "y": -0.009999999776482582,
        "z": -11.054990768432617
      }
    }
  },
  "progress": {
    "currentStageName": "MirrorStage",
    "isGameClear": true,
    "isKeyHave": false,
    "isLightHave": false
  },
  "saveDateTime": {
    "saveDateTime": "2026/05/29/12:52:11"
  }
}