{
  "camera": {
    "transform": {
      "rotate": {
        "x": 0.7742205858230591,
        "y": 8.654606819152832,
        "z": 0.0
      },
      "scale": {
        "x": 1.0,
        "y": 1.0,
        "z": 1.0
      },
      "translate": {
        "x": 12.153892517089844,
        "y": 1.6159073114395142,
        "z": -9.875096321105957
      }
    }
  },
  "player": {
    "transform": {
      "rotate": {
        "x": 0.0,
        "y": 8.654606819152832,
        "z": 0.0
      },
      "scale": {
        "x": 1.0,
        "y": 1.0,
        "z": 1.0
      },
      "translate": {
        "x": 12.11080265045166,
        "y": -0.009999999776482582,
        "z": -9.826021194458008
      }
    }
  },
  "progress": {
    "currentStageName": "MirrorStage",
    "isGameClear": true,
    "isKeyHave": false,
    "isLightHave": false
  },
  "saveDateTime": {
    "saveDateTime": "2026/04/23\n17:14:44"
  }
}