{
  "BGMVolume": 0.1111111119389534,
  "CameraMoveSpeed": {
    "x": 0.5,
    "y": 0.5
  },
  "SEVolume": 0.2222222238779068,
  "VoiceVolume": 0.3333333432674408
}