{
  "BGMVolume": 0.3333333432674408,
  "CameraMoveSpeed": {
    "x": 1.788888931274414,
    "y": 1.788888931274414
  },
  "SEVolume": 0.7777777910232544,
  "VoiceVolume": 0.2222222238779068,
  "fieldOfView": 50.0,
  "isFlipHorizontally": false,
  "isFlipVertically": false
}