{
  "BGMVolume": 0.6666666865348816,
  "CameraMoveSpeed": {
    "x": 0.31111112236976624,
    "y": 0.31111112236976624
  },
  "SEVolume": 0.5555555820465088,
  "VoiceVolume": 1.0
}