{
  "BGMVolume": 0.5555555820465088,
  "CameraMoveSpeed": {
    "x": 0.5222222208976746,
    "y": 0.5222222208976746
  },
  "SEVolume": 0.5555555820465088,
  "VoiceVolume": 0.8888888955116272
}