{
  "BGMVolume": 0.5555555820465088,
  "CameraMoveSpeed": {
    "x": 0.944444477558136,
    "y": 0.944444477558136
  },
  "SEVolume": 0.5555555820465088,
  "VoiceVolume": 0.8888888955116272
}