{
  "BGMVolume": 0.5555555820465088,
  "CameraMoveSpeed": {
    "x": 0.10000000149011612,
    "y": 0.10000000149011612
  },
  "SEVolume": 0.5555555820465088,
  "VoiceVolume": 0.8888888955116272,
  "isFlipHorizontally": false,
  "isFlipVertically": false
}