{
  "BGMVolume": 0.5555555820465088,
  "CameraMoveSpeed": {
    "x": 0.7333333492279053,
    "y": 0.7333333492279053
  },
  "SEVolume": 0.5555555820465088,
  "VoiceVolume": 1.0,
  "isFlipHorizontally": false,
  "isFlipVertically": false
}