{
  "BGMVolume": 0.1111111119389534,
  "CameraMoveSpeed": {
    "x": 0.7333333492279053,
    "y": 0.7333333492279053
  },
  "SEVolume": 0.3333333432674408,
  "VoiceVolume": 0.7777777910232544,
  "fieldOfView": 46.66666793823242,
  "isFlipHorizontally": false,
  "isFlipVertically": false
}