{
  "BGMVolume": 0.6666666865348816,
  "CameraMoveSpeed": {
    "x": 2.0,
    "y": 2.0
  },
  "SEVolume": 0.6666666865348816,
  "VoiceVolume": 1.0
}