{
  "BGMVolume": 0.2222222238779068,
  "CameraMoveSpeed": {
    "x": 1.1555556058883667,
    "y": 1.1555556058883667
  },
  "SEVolume": 1.0,
  "VoiceVolume": 1.0,
  "fieldOfView": 50.0,
  "isFlipHorizontally": false,
  "isFlipVertically": false
}