{
  "BGMVolume": 0.6666666865348816,
  "CameraMoveSpeed": {
    "x": 0.10000000149011612,
    "y": 0.10000000149011612
  },
  "SEVolume": 0.6666666865348816,
  "VoiceVolume": 1.0
}