{
  "BGMVolume": 0.6666666865348816,
  "CameraMoveSpeed": {
    "x": 0.5222222208976746,
    "y": 0.5222222208976746
  },
  "SEVolume": 0.6666666865348816,
  "VoiceVolume": 1.0
}