{
  "BGMVolume": 0.3333333432674408,
  "CameraMoveSpeed": {
    "x": 1.1555556058883667,
    "y": 1.1555556058883667
  },
  "SEVolume": 0.7777777910232544,
  "VoiceVolume": 1.0,
  "fieldOfView": 50.0,
  "isFlipHorizontally": false,
  "isFlipVertically": false
}