{
  "BGMVolume": 1.0,
  "CameraMoveSpeed": {
    "x": 0.31111112236976624,
    "y": 0.31111112236976624
  },
  "SEVolume": 1.0,
  "VoiceVolume": 1.0
}